game_id,tag_name
1551360,Racing
1551360,Open World
1551360,Adventure
1551360,Driving
1551360,Simulation
1551360,Automobile Sim
730,FPS
730,Shooter
730,Multiplayer
730,Competitive
730,Action
730,Team-Based
578080,Survival
578080,Shooter
578080,Multiplayer
578080,Battle Royale
578080,FPS
578080,PvP
1203220,Battle Royale
1203220,Multiplayer
1203220,Martial Arts
1203220,Survival
1203220,Sexual Content
1203220,PvP
1466860,Strategy
1466860,RTS
1466860,Multiplayer
1466860,Medieval
1466860,Singleplayer
1466860,Historical
1172470,Free to Play
1172470,Battle Royale
1172470,Multiplayer
1172470,Shooter
1172470,First-Person
1172470,PvP
1244460,Dinosaurs
1244460,Simulation
1244460,Building
1244460,Strategy
1244460,Management
1244460,Sandbox
1569040,Sports
1569040,Management
1569040,Real Time Tactics
1569040,Simulation
1569040,Soccer
1569040,Football
1245620,Souls-like
1245620,Dark Fantasy
1245620,RPG
1245620,Difficult
1245620,Action RPG
1245620,Third Person
1506830,Soccer
1506830,Sports
1506830,Competitive
1506830,Football
1506830,Simulation
1506830,Multiplayer
1063730,Massively Multiplayer
1063730,Open World
1063730,MMORPG
1063730,Adventure
1063730,RPG
1063730,Action
1174180,Realistic
1174180,Mature
1174180,Gore
1085660,Free to Play
1085660,PvP
1085660,Open World
1085660,Looter Shooter
1085660,FPS
1085660,PvE
548430,Looter Shooter
548430,Loot
548430,Co-op
548430,PvE
548430,Horror
548430,FPS
1248130,Co-op
1248130,Simulation
1248130,Farming Sim
1248130,Agriculture
1248130,Moddable
1248130,Management
381210,Gore
381210,Blood
381210,Violent
381210,Mature
289070,Strategy
289070,Turn-Based Strategy
289070,Historical
289070,Multiplayer
289070,Singleplayer
289070,Turn-Based
236390,Free to Play
236390,World War II
236390,Multiplayer
236390,Simulation
236390,War
236390,Flight
1178830,Action
1178830,Indie
1178830,FPS
1178830,Female Protagonist
1178830,Sci-fi
1178830,Gore
570,Free to Play
570,MOBA
570,Multiplayer
570,Strategy
570,eSports
570,Team-Based
1089090,Hack and Slash
1089090,Anime
1089090,Beat 'em up
1089090,Pirates
1089090,Fighting
1089090,Arcade
602960,Multiplayer
602960,Survival
602960,Co-op
602960,Simulation
602960,Submarine
602960,2D
236850,Grand Strategy
236850,Historical
236850,Simulation
236850,Alternate History
236850,Economy
236850,Military
359550,Realistic
739630,Horror
739630,Online Co-Op
739630,Multiplayer
739630,Psychological Horror
739630,Co-op
739630,Supernatural
1092790,Card Battler
1092790,Card Game
1092790,Deckbuilding
1092790,Horror
1092790,Story Rich
1092790,Roguelite
1240440,FPS
1240440,Action
1240440,First-Person
1240440,Sci-fi
1240440,Shooter
1240440,Multiplayer
1522820,Tower Defense
1522820,Strategy
1522820,Co-op
1522820,Third-Person Shooter
1522820,PvE
1522820,Action
444200,Tanks
444200,Free to Play
444200,Action
444200,Multiplayer
444200,World War II
444200,War
1222140,Violent
346110,Open World Survival Craft
346110,Survival
346110,Open World
346110,Multiplayer
346110,Dinosaurs
346110,Crafting
582660,MMORPG
582660,Massively Multiplayer
582660,RPG
582660,Open World
582660,Character Customization
582660,Adventure
1088850,Action
1088850,Exploration
1088850,Action-Adventure
1088850,Third-Person Shooter
1088850,Shooter
1088850,Adventure
1222670,Life Sim
1222670,Character Customization
1222670,Simulation
1222670,Building
1222670,Sexual Content
1222670,Casual
477160,Co-op
477160,Adventure
477160,Puzzle
477160,Funny
477160,Action
477160,Physics
440,Free to Play
440,Hero Shooter
440,Multiplayer
440,FPS
440,Shooter
440,Action
780310,Base Building
780310,Strategy
780310,Tower Defense
780310,Survival
780310,Hack and Slash
780310,Crafting
227300,Transportation
227300,Driving
227300,Automobile Sim
227300,Simulation
227300,Open World
227300,Realistic
1250410,Simulation
1250410,Flight
1250410,Open World
1250410,Realistic
1250410,Multiplayer
1250410,Singleplayer
394360,Strategy
394360,World War II
394360,Grand Strategy
394360,Historical
394360,War
394360,Military
1172620,Adventure
1172620,Multiplayer
1172620,Open World
1172620,Pirates
1172620,Action
1172620,Co-op
945360,Multiplayer
945360,Online Co-Op
945360,Social Deduction
945360,Space
945360,Survival
945360,2D
255710,City Builder
255710,Simulation
255710,Building
255710,Management
255710,Strategy
255710,Sandbox
601510,Free to Play
601510,Card Game
601510,Strategy
601510,Anime
601510,Multiplayer
601510,Trading Card Game
648800,Survival
648800,Open World Survival Craft
648800,Multiplayer
648800,Co-op
648800,Crafting
648800,Open World
892970,Open World Survival Craft
892970,Survival
892970,Online Co-Op
892970,Open World
892970,Crafting
892970,Building
1426210,Co-op
1426210,Adventure
1426210,Split Screen
1426210,Puzzle
1426210,Multiplayer
1426210,Local Co-Op
294100,Colony Sim
294100,Base Building
294100,Survival
294100,Strategy
294100,Management
294100,Sandbox
1286830,Free to Play
1286830,MMORPG
1286830,Character Customization
1286830,Multiplayer
1286830,Open World
1286830,RPG
413150,Farming Sim
413150,Life Sim
413150,RPG
413150,Pixel Graphics
413150,Multiplayer
413150,Agriculture
1135690,Story Rich
1135690,Relaxing
1135690,Pixel Graphics
1135690,Casual
1135690,Cute
1135690,Simulation
1062090,Early Access
1062090,City Builder
1062090,Colony Sim
1062090,Base Building
1062090,Survival
1062090,Management
105600,Open World Survival Craft
105600,Sandbox
105600,Survival
105600,2D
105600,Multiplayer
105600,Adventure
632470,RPG
632470,Story Rich
632470,Choices Matter
632470,Detective
632470,Isometric
632470,Atmospheric
594650,Violent
526870,Base Building
526870,Open World
526870,Automation
526870,Multiplayer
526870,Crafting
526870,Co-op
755500,Action
755500,Adventure
755500,Anime
755500,Open World
755500,Singleplayer
755500,Pirates
960090,Strategy
960090,Tower Defense
960090,Multiplayer
960090,Singleplayer
960090,Co-op
960090,Online Co-Op
552990,Naval Combat
552990,Free to Play
552990,Massively Multiplayer
552990,Naval
552990,World War II
552990,Tactical
386360,Free to Play
386360,MOBA
386360,Multiplayer
386360,Action
386360,Third Person
386360,Mythology
1721470,Horror
1721470,Puzzle
1721470,First-Person
1721470,Singleplayer
1721470,Survival Horror
1721470,Indie
1293830,Racing
1293830,Open World
1293830,Driving
1293830,Multiplayer
1293830,Online Co-Op
1293830,Automobile Sim
1490890,Action
1490890,Anime
1490890,Adventure
1490890,3D Fighter
1490890,Action-Adventure
1490890,2D Fighter
1097150,Party Game
1097150,Family Friendly
1097150,Multiplayer
1097150,Battle Royale
1097150,Massively Multiplayer
1097150,Platformer
281990,Space
281990,Grand Strategy
281990,Sci-fi
281990,Strategy
281990,Exploration
281990,4X
703080,Management
703080,Simulation
703080,Building
703080,Sandbox
703080,Nature
703080,City Builder
740130,Anime
740130,JRPG
740130,RPG
740130,Action
740130,Action RPG
740130,Fantasy
250900,Gore
898750,Strategy
898750,RPG
898750,Simulation
898750,JRPG
898750,Strategy RPG
898750,Turn-Based Strategy
582010,Co-op
582010,Multiplayer
582010,Action
582010,Open World
582010,RPG
582010,Third Person
813780,Strategy
813780,RTS
813780,City Builder
813780,Multiplayer
813780,Base Building
813780,Historical
1134570,Racing
1134570,Immersive Sim
1134570,Sports
1134570,Driving
1134570,Automobile Sim
1134570,PvP
814380,Violent
814380,Gore
594570,Strategy
594570,Fantasy
594570,Turn-Based Strategy
594570,RTS
594570,Grand Strategy
594570,War
518790,Hunting
518790,Open World
518790,Multiplayer
518790,Simulation
518790,First-Person
518790,Shooter
284160,Simulation
284160,Driving
284160,Physics
284160,Destruction
284160,Automobile Sim
284160,Realistic
261550,Medieval
261550,Strategy
261550,Open World
261550,RPG
261550,War
261550,Multiplayer
427520,Automation
427520,Base Building
427520,Resource Management
427520,Sandbox
427520,Crafting
427520,Strategy
322330,Survival
322330,Open World Survival Craft
322330,Multiplayer
322330,Co-op
322330,Open World
322330,Adventure
1158310,Sexual Content
1158310,Nudity
620980,VR
620980,Rhythm
620980,Music
620980,Great Soundtrack
620980,Indie
620980,Fast-Paced
291550,Free to Play
291550,Multiplayer
291550,Fighting
291550,Casual
291550,Fantasy
291550,2D Fighter
962130,Survival
962130,Multiplayer
962130,Base Building
962130,Crafting
962130,Adventure
962130,Co-op
1190000,Simulation
1190000,Automobile Sim
1190000,Sandbox
1190000,Racing
1190000,Realistic
1190000,Immersive Sim
1184370,CRPG
1184370,Story Rich
1184370,Tactical RPG
1184370,RPG
1184370,Character Customization
1184370,Female Protagonist
815370,Survival
815370,Open World Survival Craft
815370,Open World
815370,Online Co-Op
815370,Crafting
815370,Simulation
1519350,Sports
1519350,Football
1519350,Controller
1519350,PvP
1519350,Immersive Sim
1519350,Realistic
1142710,Strategy
1142710,Action
1142710,Turn-Based Strategy
1142710,Grand Strategy
1142710,RTS
1142710,Real Time Tactics
1173810,RPG
1173810,Singleplayer
1173810,2D
1173810,Class-Based
1173810,Adventure
1173810,JRPG
1435790,Puzzle
1435790,Co-op
1435790,First-Person
1435790,Mystery
1435790,Escape Room
1435790,Multiplayer
270880,Automobile Sim
270880,Transportation
270880,Driving
270880,Open World
270880,America
270880,Realistic
985810,Action
985810,PvP
985810,PvE
985810,Action RPG
985810,Casual
985810,Online Co-Op
1149620,Simulation
1149620,Indie
1149620,Building
1149620,Economy
1149620,Base Building
1149620,Singleplayer
767560,Free to Play
767560,Action
767560,Robots
767560,Multiplayer
767560,Shooter
767560,Mechs
780290,Tabletop
780290,Co-op
780290,RPG
780290,Strategy
780290,Turn-Based
780290,Board Game
1167630,Destruction
1167630,Physics
1167630,Sandbox
1167630,Voxel
1167630,First-Person
1167630,Singleplayer
613100,Simulation
613100,Design & Illustration
613100,Singleplayer
613100,Sandbox
613100,Education
613100,Relaxing
444090,Hero Shooter
444090,Free to Play
444090,Multiplayer
444090,FPS
444090,Shooter
444090,Action
686810,Action
686810,Shooter
686810,World War II
686810,FPS
686810,Multiplayer
686810,Realistic
994280,RPG
994280,Story Rich
994280,Action RPG
994280,Singleplayer
994280,Martial Arts
994280,Open World
550,Zombies
550,Co-op
550,FPS
550,Multiplayer
550,Shooter
550,Action
546560,VR
546560,FPS
546560,Story Rich
546560,Horror
546560,Shooter
546560,Female Protagonist
1552350,Party Game
1552350,Comedy
1552350,Family Friendly
1552350,Trivia
1552350,Colorful
1552350,Indie
4000,Sandbox
4000,Multiplayer
4000,Funny
4000,Moddable
4000,Building
4000,Comedy
107410,Realistic
1423600,RPG
1423600,Anime
1423600,Female Protagonist
1423600,Singleplayer
1423600,JRPG
1423600,Sexual Content
1129580,Survival
1129580,Building
1129580,Open World
1129580,Medieval
1129580,RPG
1129580,Singleplayer
880940,Multiplayer
880940,Funny
880940,Online Co-Op
880940,4 Player Local
880940,Board Game
880940,Casual
536270,Open World Survival Craft
536270,Exploration
536270,Open World
536270,Survival
536270,Adventure
536270,Singleplayer
251570,Early Access
251570,Survival
251570,Zombies
251570,Voxel
251570,Open World
251570,Open World Survival Craft
1465360,Simulation
1465360,Adventure
1465360,Automobile Sim
1465360,Exploration
1465360,Sandbox
1465360,Farming Sim
1623660,PvE
1623660,PvP
1623660,Demons
1623660,MMORPG
1623660,Martial Arts
1623660,RPG
1238810,Violent
1238810,Sexual Content
1049590,Free to Play
1049590,Anime
1049590,MOBA
1049590,Multiplayer
1049590,Survival
1049590,PvP
435150,Tactical RPG
435150,Exploration
435150,Story Rich
435150,Turn-Based Strategy
435150,CRPG
435150,RPG
1543030,RPG
1543030,Singleplayer
1543030,Story Rich
1543030,Action RPG
1543030,Mythology
1543030,3D
632360,Third-Person Shooter
632360,Action Roguelike
632360,Multiplayer
632360,Action
632360,Roguelite
632360,Co-op
701160,Strategy
701160,Adventure
701160,Indie
701160,Pixel Graphics
701160,Simulation
701160,Colony Sim
1145360,Action Roguelike
1145360,Indie
1145360,Action
1145360,Roguelite
1145360,Hack and Slash
1145360,RPG
699130,Zombies
699130,Action
699130,Online Co-Op
699130,Co-op
699130,Multiplayer
699130,Shooter
1672970,Dungeon Crawler
1672970,Action
1672970,Adventure
1672970,Hack and Slash
1672970,RPG
1672970,Action RPG
574720,Simulation
574720,Strategy
574720,Management
574720,Building
574720,Resource Management
574720,Sandbox
933110,Strategy
933110,RTS
933110,Base Building
933110,Multiplayer
933110,Military
933110,Historical
292030,Open World
292030,RPG
292030,Story Rich
292030,Atmospheric
292030,Mature
292030,Fantasy
223750,Simulation
223750,Flight
223750,Free to Play
223750,Multiplayer
223750,Military
223750,Realistic
108600,Survival
108600,Zombies
108600,Open World
108600,Open World Survival Craft
108600,Sandbox
108600,Multiplayer
787860,Simulation
787860,Farming Sim
787860,Multiplayer
787860,Agriculture
787860,Realistic
787860,Open World
375530,Turn-Based Combat
375530,Sports
375530,Simulation
375530,Management
375530,Soccer
375530,Turn-Based
264710,Open World Survival Craft
264710,Survival
264710,Open World
264710,Exploration
264710,Underwater
264710,Crafting
1471410,Early Access
1471410,Action Roguelike
1471410,Top-Down Shooter
1471410,Twin Stick Shooter
1471410,Roguelite
1471410,PvE
304390,Gore
304390,Realistic
221680,Music
221680,Education
221680,Simulation
221680,Rhythm
221680,Great Soundtrack
221680,Casual
1468810,RPG
1468810,Adventure
1468810,Sandbox
1468810,Mythology
1468810,Exploration
1468810,Story Rich
1274570,Horror
1274570,Online Co-Op
1274570,Multiplayer
1274570,Survival Horror
1274570,Co-op
1274570,Survival
581320,Realistic
581320,Violent
581320,Gore
1244630,Early Access
1244630,Simulation
1244630,Casual
1244630,Indie
1244630,Base Building
1244630,Building
286160,Tabletop
286160,Board Game
286160,Simulation
286160,Multiplayer
286160,Sandbox
286160,Card Game
1343400,Massively Multiplayer
1343400,Open World
1343400,Free to Play
1343400,MMORPG
1343400,RPG
1343400,Fantasy
244210,Racing
244210,Automobile Sim
244210,Simulation
244210,Driving
244210,Realistic
244210,Multiplayer
629730,VR
629730,Action
629730,Swordplay
629730,Gore
629730,Simulation
629730,Violent
508440,Sandbox
508440,Funny
508440,Simulation
508440,Physics
508440,Singleplayer
508440,Indie
1258080,Free to Play
1258080,Simulation
1258080,RPG
1258080,Adventure
1258080,Casual
1258080,Management
753640,Exploration
753640,Space
753640,Adventure
753640,Mystery
753640,Story Rich
753640,Puzzle
275850,Open World
275850,Open World Survival Craft
275850,Space
275850,Exploration
275850,Sci-fi
275850,Survival
842180,RPG
842180,Casual
842180,Simulation
842180,Action
842180,Crime
842180,Singleplayer
1254120,RPG
1254120,Free to Play
1254120,MMORPG
1254120,Open World
1254120,Action
1254120,Massively Multiplayer
1056640,Nudity
1111460,Visual Novel
1111460,Dating Sim
1111460,Simulation
1111460,Anime
1111460,Capitalism
1111460,Story Rich
1509960,Casual
1509960,Psychological Horror
1509960,Multiplayer
1509960,Online Co-Op
1509960,Puzzle Platformer
1509960,Action
1012790,VR
1012790,Atmospheric
1012790,Survival
1012790,Singleplayer
1012790,Shooter
1012790,Open World
1644960,Sports
1644960,Basketball
1644960,Simulation
1644960,eSports
1644960,Realistic
1644960,Multiplayer
848450,Open World Survival Craft
848450,Survival
848450,Underwater
848450,Open World
848450,Singleplayer
848450,Exploration
24010,Simulation
24010,Trains
24010,Singleplayer
24010,Driving
24010,Realistic
24010,Casual
1259420,Violent
1259420,Gore
779340,Strategy
779340,Historical
779340,War
779340,Turn-Based Strategy
779340,Grand Strategy
779340,RTS
1227280,Early Access
1227280,Roguelike
1227280,Pixel Graphics
1227280,Tactical
1227280,Indie
1227280,Turn-Based Tactics
219990,Action RPG
219990,Dark Fantasy
219990,Hack and Slash
219990,RPG
219990,Loot
219990,Dungeon Crawler
812140,Open World
812140,RPG
812140,Singleplayer
812140,Assassin
812140,Action
812140,Adventure
1446780,Action
1446780,Hunting
1446780,Co-op
1446780,Multiplayer
1446780,Third Person
1446780,Dragons
1286880,Simulation
1286880,Indie
1286880,Naval
1286880,Exploration
1286880,Relaxing
1286880,Singleplayer
1210320,Early Access
1210320,Singleplayer
1210320,Crafting
1210320,Simulation
1210320,Relaxing
1210320,RPG
321960,Strategy
321960,Turn-Based Strategy
321960,RPG
321960,Fantasy
321960,Turn-Based
321960,Singleplayer
367520,Metroidvania
367520,Souls-like
367520,Platformer
367520,Great Soundtrack
367520,Difficult
367520,2D
977950,Rhythm
977950,Music
977950,Indie
977950,Difficult
977950,Great Soundtrack
977950,Singleplayer
588650,Roguelite
588650,Pixel Graphics
588650,Souls-like
588650,Metroidvania
588650,Roguelike
588650,Difficult
1407200,Tanks
1407200,Free to Play
1407200,PvP
1407200,Military
1407200,Multiplayer
1407200,Team-Based
393380,Military
393380,FPS
393380,Realistic
393380,Multiplayer
393380,Tactical
393380,Shooter
552500,Co-op
552500,First-Person
552500,Hack and Slash
552500,Online Co-Op
552500,Gore
552500,Multiplayer
9900,Free to Play
9900,Sci-fi
9900,Massively Multiplayer
9900,Space
9900,RPG
9900,MMORPG
1149460,Open World Survival Craft
1149460,Survival
1149460,Online Co-Op
1149460,Crafting
1149460,Exploration
1149460,Base Building
425220,Anime
425220,Action
425220,Fighting
425220,Multiplayer
425220,Pirates
425220,Singleplayer
297000,Strategy
297000,Classic
297000,Turn-Based Strategy
297000,Multiplayer
297000,Fantasy
297000,RPG
244850,Space
244850,Sandbox
244850,Building
244850,Multiplayer
244850,Open World Survival Craft
244850,Simulation
1404210,Realistic
1404210,Violent
1404210,Gore
454650,Anime
454650,Fighting
454650,Action
454650,Character Customization
454650,Multiplayer
454650,Adventure
411300,RPG
411300,Open World
411300,Singleplayer
411300,Post-apocalyptic
411300,Sci-fi
411300,Adventure
313120,Open World Survival Craft
313120,Survival
313120,Multiplayer
313120,Open World
313120,Crafting
313120,First-Person
361420,Open World Survival Craft
361420,Open World
361420,Multiplayer
361420,Space
361420,Survival
361420,Exploration
513710,Survival
513710,Open World Survival Craft
513710,Multiplayer
513710,Open World
513710,Zombies
513710,Massively Multiplayer
555160,VR
555160,Action
555160,Shooter
555160,Multiplayer
555160,FPS
555160,Military
1118200,Sandbox
1118200,Physics
1118200,Gore
1118200,Violent
1118200,Moddable
1118200,Singleplayer
823500,VR
823500,Physics
823500,Action
823500,Adventure
823500,Sandbox
823500,Shooter
1547890,Simulation
1547890,Strategy
1547890,Pixel Graphics
1547890,Sandbox
1547890,City Builder
1547890,Creature Collector
1426450,RTS
1426450,Survival
1426450,Base Building
1426450,Dark Fantasy
1426450,Resource Management
1426450,Fantasy
728880,Multiplayer
728880,Online Co-Op
728880,Local Co-Op
728880,Co-op
728880,Casual
728880,Funny
364360,Strategy
364360,Fantasy
364360,RTS
364360,War
364360,Turn-Based Strategy
364360,Games Workshop
1124300,Strategy
1124300,Turn-Based Strategy
1124300,Historical
1124300,4X
1124300,Multiplayer
1124300,City Builder
1585020,Early Access
1585020,Crafting
1585020,Building
1585020,Automation
1585020,Exploration
1585020,Immersive Sim
960170,Rhythm
960170,Casual
960170,Action
960170,Music
960170,Sports
960170,Great Soundtrack
1696810,Early Access
1696810,Trains
1696810,Multiplayer
1696810,Automobile Sim
1696810,Online Co-Op
1696810,Physics
331600,Anime
331600,Action
331600,Adventure
331600,Hack and Slash
331600,Pirates
331600,Fighting
620,Platformer
620,Puzzle
620,Dark Humor
620,Puzzle Platformer
620,First-Person
620,Story Rich
1217060,FPS
1217060,Co-op
1217060,Roguelite
1217060,Online Co-Op
1217060,Roguelike
1217060,Multiplayer
761890,Free to Play
761890,MMORPG
761890,Open World
761890,Massively Multiplayer
761890,RPG
761890,Sandbox
12210,Gore
359320,Space Sim
359320,Space
359320,Open World
359320,Exploration
359320,Sci-fi
359320,Simulation
246620,Strategy
246620,Simulation
246620,Outbreak Sim
246620,Indie
246620,Singleplayer
246620,Multiplayer
262060,Turn-Based Combat
262060,Dark Fantasy
262060,Dungeon Crawler
262060,RPG
262060,Roguelike
262060,Lovecraftian
774171,Music
774171,Rhythm
774171,Anime
774171,Cute
774171,Casual
774171,Female Protagonist
469600,Tower Defense
469600,Multiplayer
469600,Auto Battler
469600,Strategy
469600,Replay Value
469600,Competitive
389730,Fighting
389730,Action
389730,Multiplayer
389730,Competitive
389730,Arcade
389730,Local Multiplayer
1509510,City Builder
1509510,Building
1509510,Management
1509510,Colony Sim
1509510,Simulation
1509510,Survival
201790,Tower Defense
201790,Co-op
201790,Action
201790,Strategy
201790,Online Co-Op
201790,Indie
1312960,Story Rich
1312960,Comedy
1312960,Funny
1312960,Adventure
1312960,Cooking
1312960,Simulation
1282590,Simulation
1282590,Trains
1282590,Realistic
1282590,Driving
1282590,Singleplayer
1282590,Transportation
1413970,Adventure
1413970,RPG
1413970,Indie
1413970,Anime
1413970,Singleplayer
1413970,Sexual Content
387990,Building
387990,Survival
387990,Sandbox
387990,Open World
387990,Crafting
387990,Multiplayer
1359090,Tactical
1359090,Shooter
1359090,Action
1359090,FPS
1359090,Realistic
1359090,Multiplayer
1366540,Space
1366540,Automation
1366540,Base Building
1366540,Open World
1366540,Building
1366540,Simulation
1313860,Sports
1313860,Soccer
1313860,Football
1313860,PvP
1313860,Multiplayer
1313860,Competitive
412020,Post-apocalyptic
412020,FPS
412020,Open World
412020,Atmospheric
412020,Story Rich
412020,Action
1096530,RPG
1096530,Adventure
1096530,Dungeons & Dragons
1096530,CRPG
1096530,Choices Matter
1096530,Character Customization
673750,Funny
673750,Indie
673750,Co-op
673750,Online Co-Op
673750,Action
673750,Local Co-Op
457140,Colony Sim
457140,Base Building
457140,Survival
457140,Resource Management
457140,Building
457140,Singleplayer
495420,Survival
495420,Open World
495420,Zombies
495420,Base Building
495420,Co-op
495420,Multiplayer
763890,Party-Based RPG
763890,Story Rich
763890,Choices Matter
763890,Turn-Based Tactics
763890,Procedural Generation
763890,Character Customization
214950,Strategy
214950,Turn-Based Strategy
214950,Historical
214950,Grand Strategy
214950,Rome
214950,Tactical
47890,Life Sim
47890,Simulation
47890,Character Customization
47890,Sandbox
47890,Building
47890,Singleplayer
633230,Anime
633230,Action
633230,Character Customization
633230,Multiplayer
633230,Ninja
633230,Fighting
648350,Building
648350,Dinosaurs
648350,Simulation
648350,Management
648350,Strategy
648350,Sandbox
644930,Base Building
644930,Colony Sim
644930,Strategy
644930,Survival
644930,Zombies
644930,RTS
635260,Racing
635260,Driving
635260,Simulation
635260,Sports
635260,Automobile Sim
635260,Multiplayer
805550,Racing
805550,Automobile Sim
805550,Simulation
805550,Driving
805550,VR
805550,Multiplayer
784080,Mechs
784080,Simulation
784080,FPS
784080,Action
784080,Shooter
784080,Co-op
872410,Simulation
872410,Strategy
872410,Historical
872410,Singleplayer
872410,Grand Strategy
872410,Turn-Based Strategy
1099410,Strategy
1099410,Simulation
1099410,Action
1099410,Violent
1099410,Historical
1099410,War
212500,Free to Play
212500,MMORPG
212500,Massively Multiplayer
212500,Fantasy
212500,Open World
212500,RPG
1269710,City Builder
1269710,Roguelite
1269710,Indie
1269710,Old School
1269710,Singleplayer
1269710,God Game
509980,Early Access
509980,Horror
509980,Multiplayer
509980,Co-op
509980,Survival Horror
509980,Online Co-Op
109600,Free to Play
109600,MMORPG
109600,RPG
109600,Massively Multiplayer
109600,Adventure
109600,Multiplayer
881100,Physics
881100,Difficult
881100,Roguelike
881100,Dungeon Crawler
881100,Indie
881100,Action
1511460,Early Access
1511460,City Builder
1511460,Transportation
1511460,Automation
1511460,Space
1511460,Sandbox
1066780,Simulation
1066780,Strategy
1066780,Management
1066780,City Builder
1066780,Transportation
1066780,Trains
391540,Great Soundtrack
391540,Story Rich
391540,Choices Matter
391540,Multiple Endings
391540,Funny
391540,Pixel Graphics
268910,Difficult
268910,Cartoon
268910,Platformer
268910,Great Soundtrack
268910,Co-op
268910,Local Co-Op
1102190,Card Battler
1102190,Roguelite
1102190,Turn-Based Tactics
1102190,Card Game
1102190,PvP
1102190,Roguelike
1172380,Action-Adventure
1172380,Third Person
1172380,Souls-like
1172380,Swordplay
1172380,Platformer
1172380,Open World
1041320,Massively Multiplayer
1041320,Strategy
1041320,Free to Play
1041320,Anime
1041320,Gore
1041320,RPG
534380,Gore
534380,Violent
436150,Gambling
436150,Sports
436150,Card Game
436150,Free to Play
436150,Character Customization
436150,Multiplayer
438100,VR
438100,Free to Play
438100,Memes
438100,Anime
438100,Funny
438100,Multiplayer
997010,Crime
997010,Simulation
997010,Open World
997010,Realistic
997010,Early Access
997010,Multiplayer
1290000,Simulation
1290000,Casual
1290000,Indie
1290000,Relaxing
1290000,Singleplayer
1290000,Early Access
573090,Sandbox
573090,Flight
573090,Open World
573090,Building
573090,Exploration
573090,Programming
285900,Funny
285900,Physics
285900,Multiplayer
285900,Colorful
285900,Party
285900,Party Game
242920,City Builder
242920,Colony Sim
242920,Strategy
242920,Simulation
242920,Survival
242920,Indie
349040,Anime
349040,Fighting
349040,Action
349040,Ninja
349040,Multiplayer
349040,Adventure
719040,RPG
719040,Strategy
719040,Turn-Based Combat
719040,Post-apocalyptic
719040,Co-op
719040,CRPG
719640,Free to Play
719640,Strategy
719640,Massively Multiplayer
719640,Building
719640,PvP
719640,Real Time Tactics
460930,Open World
460930,Shooter
460930,Co-op
460930,Multiplayer
460930,Action
460930,Tactical
599140,Pixel Graphics
599140,Crafting
599140,RPG
599140,Simulation
599140,Sandbox
599140,Indie
1520470,Sexual Content
1520470,Free to Play
1520470,Nudity
1520470,Mature
1520470,Horror
1520470,Multiplayer
376210,Dinosaurs
376210,Survival
376210,Open World
376210,Multiplayer
376210,Simulation
376210,Hunting
1668080,Racing
1668080,Action-Adventure
1668080,Combat Racing
1668080,Cartoon
1668080,Cartoony
1668080,Colorful
431240,Multiplayer
431240,Casual
431240,Mini Golf
431240,Sports
431240,Golf
431240,Indie
470220,Card Game
470220,Multiplayer
470220,Tabletop
470220,Board Game
470220,Casual
470220,Family Friendly
646570,Roguelike Deckbuilder
646570,Card Battler
646570,Card Game
646570,Roguelike
646570,Deckbuilding
646570,Turn-Based
1307550,Open World
1307550,Crafting
1307550,Survival
1307550,Multiplayer
1307550,Sandbox
1307550,RPG
1455630,Board Game
1455630,Multiplayer
1455630,Card Game
1455630,Family Friendly
1455630,Party Game
1455630,Sequel
674940,Multiplayer
674940,Funny
674940,Fighting
674940,Action
674940,Local Multiplayer
674940,2D Fighter
493340,Simulation
493340,Building
493340,Management
493340,Family Friendly
493340,Sandbox
493340,Relaxing
524220,Great Soundtrack
524220,Story Rich
524220,Female Protagonist
524220,Action
524220,Hack and Slash
524220,RPG
493520,Early Access
493520,Online Co-Op
493520,Horror
493520,Multiplayer
493520,FPS
493520,Co-op
897730,Open World Survival Craft
897730,Survival
897730,Exploration
897730,Adventure
897730,Open World
897730,Atmospheric
690790,Racing
690790,Simulation
690790,Automobile Sim
690790,Sports
690790,Multiplayer
690790,Driving
50130,Nudity
627690,Idler
627690,Free to Play
627690,Clicker
627690,Dungeons & Dragons
627690,Strategy
627690,Adventure
1227530,Strategy
1227530,Real Time Tactics
1227530,World War II
1227530,Stealth
1227530,Tactical
1227530,Singleplayer
310950,Fighting
310950,Action
310950,2D Fighter
310950,Multiplayer
310950,Competitive
310950,Arcade
1127500,Casual
1127500,Simulation
1127500,Strategy
1127500,Indie
1127500,Management
1127500,Puzzle
232890,Strategy
232890,Medieval
232890,City Builder
232890,RTS
232890,Multiplayer
232890,Simulation
1335200,Sexual Content
1335200,Free to Play
1335200,Nudity
1335200,Hentai
1335200,Mature
1335200,Female Protagonist
571740,Mini Golf
571740,Multiplayer
571740,Golf
571740,Casual
571740,Sports
571740,Funny
527230,Open World
527230,Strategy
527230,RPG
527230,Online Co-Op
527230,Adventure
527230,Roguelike
1150690,Psychological Horror
1150690,Story Rich
1150690,Indie
1150690,Pixel Graphics
1150690,Hand-drawn
1150690,RPG
252530,Automobile Sim
252530,Simulation
252530,Driving
252530,Realistic
252530,Singleplayer
252530,Moddable
794800,Board Game
794800,Strategy
794800,Casual
794800,Mystery
794800,Family Friendly
794800,Tabletop
1029780,Early Access
1029780,City Builder
1029780,Medieval
1029780,Strategy
1029780,Colony Sim
1029780,Simulation
976590,Simulation
976590,Automobile Sim
976590,Immersive Sim
976590,3D
976590,Colorful
976590,Realistic
505460,Early Access
505460,Massively Multiplayer
505460,Base Building
505460,Wargame
505460,World War II
505460,Sandbox
1277400,RPG
1277400,Adventure
1277400,JRPG
1277400,Exploration
1277400,3D
1277400,Cartoony
8930,Turn-Based Strategy
8930,Strategy
8930,Turn-Based
8930,Multiplayer
8930,Historical
8930,4X
1237970,FPS
1237970,Multiplayer
1237970,Action
1237970,Shooter
1237970,Mechs
1237970,Singleplayer
488860,Gun Customization
488860,Funny
488860,Arena Shooter
488860,Beat 'em up
488860,Hack and Slash
488860,Shooter
1369630,Metroidvania
1369630,Female Protagonist
1369630,Souls-like
1369630,Dark Fantasy
1369630,Singleplayer
1369630,Atmospheric
1088790,Strategy
1088790,Simulation
1088790,Casual
1088790,Indie
1088790,Political Sim
1088790,Military
220200,Space
220200,Simulation
220200,Sandbox
220200,Physics
220200,Science
220200,Space Sim
600480,Simulation
600480,Building
600480,Sandbox
600480,Creature Collector
600480,Cute
600480,Underwater
418240,Stealth
418240,Strategy
418240,Tactical
418240,Ninja
418240,Real Time Tactics
418240,Indie
1372280,2D Fighter
1372280,Action
1372280,Anime
1372280,2D
1372280,PvP
1372280,Multiplayer
42700,Gore
380600,Fishing
380600,Free to Play
380600,Multiplayer
380600,Simulation
380600,Sports
380600,Massively Multiplayer
433340,Cute
433340,Exploration
433340,Adventure
433340,Singleplayer
433340,Open World
433340,First-Person
985830,Sexual Content
985830,Nudity
985830,Gore
985830,Female Protagonist
985830,Violent
985830,Demons
1211630,Party Game
1211630,Party
1211630,Word Game
1211630,Board Game
1211630,Funny
1211630,2D
1295510,JRPG
1295510,RPG
1295510,Turn-Based Combat
1295510,Party-Based RPG
1295510,Story Rich
1295510,Dragons
1119730,Early Access
1119730,Simulation
1119730,Online Co-Op
1119730,Multiplayer
1119730,Farming Sim
1119730,Open World
1237950,Multiplayer
1237950,FPS
1237950,Singleplayer
1237950,Shooter
1237950,Third-Person Shooter
1237950,Space
824270,Action
824270,Shooter
824270,Simulation
824270,FPS
824270,Indie
824270,First-Person
899770,RPG
899770,Action RPG
899770,Hack and Slash
899770,Action
899770,Loot
899770,Adventure
1003590,Casual
1003590,Puzzle
1003590,Colorful
1003590,Abstract
1003590,Psychedelic
1003590,VR
218230,Free to Play
218230,Massively Multiplayer
218230,FPS
218230,Shooter
218230,Action
218230,Open World
1447000,Racing
1447000,Simulation
1447000,Sports
1447000,Motorbike
1447000,First-Person
1447000,Multiplayer
464920,City Builder
464920,Colony Sim
464920,Strategy
464920,Survival
464920,Space
464920,Base Building
992300,Sexual Content
992300,Nudity
992300,Mature
992300,Female Protagonist
992300,Action
992300,Martial Arts
858820,Action
858820,Roguelike
858820,Co-op
858820,Tower Defense
858820,Multiplayer
858820,Online Co-Op
200210,Free to Play
200210,Massively Multiplayer
200210,Pixel Graphics
200210,Action Roguelike
200210,RPG
200210,Perma Death
1057090,Beautiful
1057090,Great Soundtrack
1057090,Metroidvania
1057090,Platformer
1057090,Action
1057090,Singleplayer
1062160,Building
1062160,Simulation
1062160,Puzzle
1062160,Crafting
1062160,Physics
1062160,Difficult
434170,Trivia
434170,Local Multiplayer
434170,Casual
434170,Funny
434170,Board Game
434170,Multiplayer
1566390,Action
1566390,Shooter
1566390,Visual Novel
1566390,FPS
1566390,Anime
1566390,3D Platformer
24200,Free to Play
24200,Superhero
24200,Massively Multiplayer
24200,Action
24200,Open World
24200,MMORPG
233860,Open World
233860,Sandbox
233860,RPG
233860,Survival
233860,Strategy
233860,Building
885970,Strategy
885970,Grand Strategy
885970,Action
885970,RTS
885970,4X
885970,Turn-Based Strategy
860510,Horror
860510,Adventure
860510,Singleplayer
860510,Dark
860510,Puzzle
860510,Atmospheric
201270,Strategy
201270,Historical
201270,Turn-Based Strategy
201270,RTS
201270,Grand Strategy
201270,Tactical
1173800,RPG
1173800,Exploration
1173800,Party-Based RPG
1173800,JRPG
1173800,2D
1173800,Lore-Rich
1643320,Open World
1643320,FPS
1643320,Post-apocalyptic
1643320,RPG
1643320,Survival
1643320,Shooter
766570,Free to Play
766570,Fishing
766570,Multiplayer
766570,Simulation
766570,Open World
766570,Survival
750290,Adventure
750290,Puzzle
750290,Exploration
750290,Hand-drawn
750290,2D
750290,Stylized
233450,Simulation
233450,Building
233450,Sandbox
233450,Strategy
233450,Base Building
233450,Colony Sim
1284410,Free to Play
1284410,Strategy
1284410,RPG
1284410,Card Game
1284410,Multiplayer
1284410,Deckbuilding
1483870,Casual
1483870,Multiplayer
1483870,Hand-drawn
1483870,Funny
1483870,Family Friendly
1483870,Experimental
1368910,Free to Play
1368910,Anime
1368910,Action
1368910,Battle Royale
1368910,Mechs
1368910,Third-Person Shooter
851850,Action
851850,RPG
851850,Anime
851850,Open World
851850,Fighting
851850,Multiplayer
466560,City Builder
466560,RTS
466560,Strategy
466560,Colony Sim
466560,Resource Management
466560,Multiplayer
1125240,Adventure
1125240,Indie
1125240,Action
1125240,RPG
1125240,VR
1125240,Gore
641320,Simulation
641320,Cooking
641320,Realistic
641320,Singleplayer
641320,Sandbox
641320,Funny
799960,Massively Multiplayer
799960,RPG
799960,Magic
799960,Card Game
799960,Free to Play
799960,MMORPG
863550,Stealth
863550,Assassin
863550,Action
863550,Singleplayer
863550,Third Person
863550,Multiplayer
3590,Tower Defense
3590,Zombies
3590,Strategy
3590,Singleplayer
3590,Casual
3590,Comedy
1714040,Auto Battler
1714040,Strategy
1714040,Asynchronous Multiplayer
1714040,Multiplayer
1714040,PvP
1714040,Free to Play
640820,RPG
640820,Fantasy
640820,Party-Based RPG
640820,CRPG
640820,Isometric
640820,Character Customization
677620,Free to Play
677620,FPS
677620,Multiplayer
677620,Arena Shooter
677620,Shooter
677620,Action
552520,Sexual Content
552520,Nudity
955050,Female Protagonist
955050,FPS
955050,Hack and Slash
955050,Shooter
955050,First-Person
955050,Souls-like
1147560,Indie
1147560,Action
1147560,Action Roguelike
1147560,Pixel Graphics
1147560,Roguelite
1147560,2D
655500,Simulation
655500,Sports
655500,Racing
655500,Motocross
655500,Motorbike
655500,Early Access
266840,Strategy
266840,Mythology
266840,RTS
266840,Classic
266840,Multiplayer
266840,Great Soundtrack
872200,Free to Play
872200,Multiplayer
872200,Shooter
872200,Third-Person Shooter
872200,Action
872200,Third Person
604500,Free to Play
604500,Action
604500,Simulation
604500,Tanks
604500,Massively Multiplayer
604500,Casual
1105420,Free to Play
1105420,RPG
1105420,Strategy
1105420,Massively Multiplayer
1105420,Simulation
1105420,Fantasy
1139980,Life Sim
1139980,Pixel Graphics
1139980,Immersive Sim
1139980,Farming Sim
1139980,Collectathon
1139980,RPG
382310,Open World Survival Craft
382310,Survival
382310,Multiplayer
382310,Building
382310,Open World
382310,Crafting
690640,Puzzle Platformer
690640,Online Co-Op
690640,Action-Adventure
690640,Beautiful
690640,Fantasy
690640,Local Co-Op
621060,Simulation
621060,Education
621060,Immersive Sim
621060,Building
621060,Management
621060,First-Person
304050,Free to Play
304050,Open World
304050,Multiplayer
304050,Adventure
304050,MMORPG
304050,Massively Multiplayer
678950,Fighting
678950,Anime
678950,Action
678950,2D Fighter
678950,Multiplayer
678950,Competitive
365360,Tactical RPG
365360,Turn-Based Combat
365360,Strategy
365360,Medieval
365360,RPG
365360,Open World
392160,Space
392160,Simulation
392160,Sandbox
392160,Action
392160,Sci-fi
392160,Open World
1271700,Racing
1271700,Arcade
1271700,Split Screen
1271700,Third Person
1271700,Multiplayer
1271700,PvP
1493760,Life Sim
1493760,Casual
1493760,Simulation
1493760,Strategy
1493760,Character Customization
1493760,Time Management
211820,Open World Survival Craft
211820,Sandbox
211820,Survival
211820,Adventure
211820,Space
211820,Crafting
1372530,Early Access
1372530,Casual
1372530,Time Management
1372530,Transportation
1372530,Minimalist
1372530,Strategy
240720,Psychological Horror
240720,Difficult
240720,Singleplayer
240720,Physics
240720,Funny
240720,Horror
746850,Cyberpunk
746850,Atmospheric
746850,Open World
746850,Sci-fi
746850,Futuristic
746850,Story Rich
1259980,Racing
1259980,Sports
1259980,Motorbike
1259980,First-Person
1259980,Third Person
1259980,Multiplayer
221380,Strategy
221380,RTS
221380,Medieval
221380,Multiplayer
221380,Classic
221380,Historical
379430,Realistic
379430,Nudity
305620,Survival
305620,Open World Survival Craft
305620,Open World
305620,Exploration
305620,Atmospheric
305620,First-Person
502500,Flight
502500,Jet
502500,Military
502500,War
502500,Shooter
502500,Arcade
1361000,Horror
1361000,Multiplayer
1361000,Online Co-Op
1361000,Survival Horror
1361000,Co-op
1361000,Psychological Horror
17390,God Game
17390,Open World
17390,Exploration
17390,Casual
17390,Cute
17390,Colony Sim
898920,Board Game
898920,Wargame
898920,Strategy
898920,Tabletop
898920,Turn-Based Strategy
898920,Turn-Based Tactics
48220,Strategy
48220,Turn-Based Strategy
48220,RPG
48220,Turn-Based
48220,Fantasy
48220,Multiplayer
386940,Multiplayer
386940,Funny
386940,Platformer
386940,Local Multiplayer
386940,Precision Platformer
386940,Level Editor
1562420,Early Access
1562420,Horror
1562420,Online Co-Op
1562420,Survival Horror
1562420,Co-op
1562420,Psychological Horror
438040,Free to Play
438040,RPG
438040,Casual
438040,Massively Multiplayer
438040,Adventure
438040,Multiplayer
10180,Action
10180,FPS
10180,Multiplayer
10180,Shooter
10180,First-Person
10180,Singleplayer
1088090,Simulation
1088090,Dragons
1088090,Indie
1088090,Survival
1088090,Early Access
1088090,RPG
607080,Story Rich
607080,3D Platformer
607080,Comedy
607080,Psychological
607080,Singleplayer
607080,Adventure
1222680,Racing
1222680,Open World
1222680,Multiplayer
1222680,Driving
1222680,Action
1222680,Adventure
322170,Difficult
322170,Music
322170,Precision Platformer
322170,Great Soundtrack
322170,Level Editor
322170,Rhythm
268500,Strategy
268500,Turn-Based
268500,Tactical
268500,Turn-Based Strategy
268500,Turn-Based Tactics
268500,Aliens
19980,Action
19980,Adventure
19980,Parkour
19980,Platformer
19980,Third Person
19980,Singleplayer
1541790,Survival
1541790,City Builder
1541790,4X
1541790,Turn-Based Strategy
1541790,Strategy
1541790,Post-apocalyptic
230290,Sandbox
230290,Space
230290,Simulation
230290,Physics
230290,Science
230290,Destruction
1466640,Adventure
1466640,Atmospheric
1466640,Narration
1466640,Dystopian 
1466640,Story Rich
1466640,Exploration
13500,Gore
720620,Tabletop
720620,RPG
720620,Dungeons & Dragons
720620,Level Editor
720620,Online Co-Op
720620,Building
1158980,Free to Play
1158980,Strategy
1158980,Casual
1158980,Idler
1158980,Adventure
1158980,Indie
1222700,Co-op
1222700,Online Co-Op
1222700,Story Rich
1222700,Split Screen
1222700,Local Co-Op
1222700,Action-Adventure
1307890,City Builder
1307890,Colony Sim
1307890,Base Building
1307890,Management
1307890,Medieval
1307890,Economy
1173790,RPG
1173790,JRPG
1173790,Singleplayer
1173790,2D
1173790,Adventure
1173790,Class-Based
