Link,ID
https://store.steampowered.com/app/1517290/,1517290
https://store.steampowered.com/app/1551360/,1551360
https://store.steampowered.com/app/730/,730
https://store.steampowered.com/app/578080/,578080
https://store.steampowered.com/app/1203220/,1203220
https://store.steampowered.com/app/1466860/,1466860
https://store.steampowered.com/app/1172470/,1172470
https://store.steampowered.com/app/489830/,489830
https://store.steampowered.com/app/1244460/,1244460
https://store.steampowered.com/app/1569040/,1569040
https://store.steampowered.com/app/1245620/,1245620
https://store.steampowered.com/app/1506830/,1506830
https://store.steampowered.com/app/1063730/,1063730
https://store.steampowered.com/app/1174180/,1174180
https://store.steampowered.com/app/1085660/,1085660
https://store.steampowered.com/app/39210/,39210
https://store.steampowered.com/app/548430/,548430
https://store.steampowered.com/app/1248130/,1248130
https://store.steampowered.com/app/381210/,381210
https://store.steampowered.com/app/230410/,230410
https://store.steampowered.com/app/289070/,289070
https://store.steampowered.com/app/236390/,236390
https://store.steampowered.com/app/271590/,271590
https://store.steampowered.com/app/1178830/,1178830
https://store.steampowered.com/app/570/,570
https://store.steampowered.com/app/924970/,924970
https://store.steampowered.com/app/1030840/,1030840
https://store.steampowered.com/app/1089090/,1089090
https://store.steampowered.com/app/602960/,602960
https://store.steampowered.com/app/236850/,236850
https://store.steampowered.com/app/1289670/,1289670
https://store.steampowered.com/app/359550/,359550
https://store.steampowered.com/app/739630/,739630
https://store.steampowered.com/app/306130/,306130
https://store.steampowered.com/app/1092790/,1092790
https://store.steampowered.com/app/1240440/,1240440
https://store.steampowered.com/app/252490/,252490
https://store.steampowered.com/app/1522820/,1522820
https://store.steampowered.com/app/444200/,444200
https://store.steampowered.com/app/1329410/,1329410
https://store.steampowered.com/app/1222140/,1222140
https://store.steampowered.com/app/346110/,346110
https://store.steampowered.com/app/582660/,582660
https://store.steampowered.com/app/1088850/,1088850
https://store.steampowered.com/app/1222670/,1222670
https://store.steampowered.com/app/477160/,477160
https://store.steampowered.com/app/440/,440
https://store.steampowered.com/app/780310/,780310
https://store.steampowered.com/app/227300/,227300
https://store.steampowered.com/app/1250410/,1250410
https://store.steampowered.com/app/979690/,979690
https://store.steampowered.com/app/394360/,394360
https://store.steampowered.com/app/1172620/,1172620
https://store.steampowered.com/app/945360/,945360
https://store.steampowered.com/app/255710/,255710
https://store.steampowered.com/app/601510/,601510
https://store.steampowered.com/app/648800/,648800
https://store.steampowered.com/app/892970/,892970
https://store.steampowered.com/app/1426210/,1426210
https://store.steampowered.com/app/294100/,294100
https://store.steampowered.com/app/1286830/,1286830
https://store.steampowered.com/app/413150/,413150
https://store.steampowered.com/app/1135690/,1135690
https://store.steampowered.com/app/8870/,8870
https://store.steampowered.com/app/1062090/,1062090
https://store.steampowered.com/app/105600/,105600
https://store.steampowered.com/app/632470/,632470
https://store.steampowered.com/app/594650/,594650
https://store.steampowered.com/app/526870/,526870
https://store.steampowered.com/app/755500/,755500
https://store.steampowered.com/app/960090/,960090
https://store.steampowered.com/app/242760/,242760
https://store.steampowered.com/app/552990/,552990
https://store.steampowered.com/app/1091500/,1091500
https://store.steampowered.com/app/386360/,386360
https://store.steampowered.com/app/1721470/,1721470
https://store.steampowered.com/app/1086940/,1086940
https://store.steampowered.com/app/1293830/,1293830
https://store.steampowered.com/app/221100/,221100
https://store.steampowered.com/app/1490890/,1490890
https://store.steampowered.com/app/1097150/,1097150
https://store.steampowered.com/app/281990/,281990
https://store.steampowered.com/app/703080/,703080
https://store.steampowered.com/app/740130/,740130
https://store.steampowered.com/app/250900/,250900
https://store.steampowered.com/app/898750/,898750
https://store.steampowered.com/app/582010/,582010
https://store.steampowered.com/app/374320/,374320
https://store.steampowered.com/app/813780/,813780
https://store.steampowered.com/app/1134570/,1134570
https://store.steampowered.com/app/814380/,814380
https://store.steampowered.com/app/594570/,594570
https://store.steampowered.com/app/518790/,518790
https://store.steampowered.com/app/284160/,284160
https://store.steampowered.com/app/976730/,976730
https://store.steampowered.com/app/261550/,261550
https://store.steampowered.com/app/427520/,427520
https://store.steampowered.com/app/322330/,322330
https://store.steampowered.com/app/1158310/,1158310
https://store.steampowered.com/app/620980/,620980
https://store.steampowered.com/app/291550/,291550
https://store.steampowered.com/app/962130/,962130
https://store.steampowered.com/app/1190000/,1190000
https://store.steampowered.com/app/311210/,311210
https://store.steampowered.com/app/1184370/,1184370
https://store.steampowered.com/app/1151340/,1151340
https://store.steampowered.com/app/815370/,815370
https://store.steampowered.com/app/958260/,958260
https://store.steampowered.com/app/1519350/,1519350
https://store.steampowered.com/app/1142710/,1142710
https://store.steampowered.com/app/1173810/,1173810
https://store.steampowered.com/app/1435790/,1435790
https://store.steampowered.com/app/835570/,835570
https://store.steampowered.com/app/270880/,270880
https://store.steampowered.com/app/985810/,985810
https://store.steampowered.com/app/1149620/,1149620
https://store.steampowered.com/app/377160/,377160
https://store.steampowered.com/app/767560/,767560
https://store.steampowered.com/app/780290/,780290
https://store.steampowered.com/app/1167630/,1167630
https://store.steampowered.com/app/613100/,613100
https://store.steampowered.com/app/444090/,444090
https://store.steampowered.com/app/686810/,686810
https://store.steampowered.com/app/570940/,570940
https://store.steampowered.com/app/994280/,994280
https://store.steampowered.com/app/550/,550
https://store.steampowered.com/app/546560/,546560
https://store.steampowered.com/app/1552350/,1552350
https://store.steampowered.com/app/4000/,4000
https://store.steampowered.com/app/218620/,218620
https://store.steampowered.com/app/107410/,107410
https://store.steampowered.com/app/1423600/,1423600
https://store.steampowered.com/app/1129580/,1129580
https://store.steampowered.com/app/880940/,880940
https://store.steampowered.com/app/536270/,536270
https://store.steampowered.com/app/251570/,251570
https://store.steampowered.com/app/1465360/,1465360
https://store.steampowered.com/app/1623660/,1623660
https://store.steampowered.com/app/440900/,440900
https://store.steampowered.com/app/1238810/,1238810
https://store.steampowered.com/app/1049590/,1049590
https://store.steampowered.com/app/435150/,435150
https://store.steampowered.com/app/239140/,239140
https://store.steampowered.com/app/1543030/,1543030
https://store.steampowered.com/app/1651960/,1651960
https://store.steampowered.com/app/632360/,632360
https://store.steampowered.com/app/701160/,701160
https://store.steampowered.com/app/1281590/,1281590
https://store.steampowered.com/app/1328670/,1328670
https://store.steampowered.com/app/397540/,397540
https://store.steampowered.com/app/1145360/,1145360
https://store.steampowered.com/app/699130/,699130
https://store.steampowered.com/app/1672970/,1672970
https://store.steampowered.com/app/574720/,574720
https://store.steampowered.com/app/933110/,933110
https://store.steampowered.com/app/292030/,292030
https://store.steampowered.com/app/223750/,223750
https://store.steampowered.com/app/108600/,108600
https://store.steampowered.com/app/787860/,787860
https://store.steampowered.com/app/375530/,375530
https://store.steampowered.com/app/1137300/,1137300
https://store.steampowered.com/app/264710/,264710
https://store.steampowered.com/app/1471410/,1471410
https://store.steampowered.com/app/304390/,304390
https://store.steampowered.com/app/221680/,221680
https://store.steampowered.com/app/1468810/,1468810
https://store.steampowered.com/app/1274570/,1274570
https://store.steampowered.com/app/581320/,581320
https://store.steampowered.com/app/1244630/,1244630
https://store.steampowered.com/app/286160/,286160
https://store.steampowered.com/app/1377580/,1377580
https://store.steampowered.com/app/1343400/,1343400
https://store.steampowered.com/app/244210/,244210
https://store.steampowered.com/app/1151640/,1151640
https://store.steampowered.com/app/629730/,629730
https://store.steampowered.com/app/1671200/,1671200
https://store.steampowered.com/app/508440/,508440
https://store.steampowered.com/app/1258080/,1258080
https://store.steampowered.com/app/753640/,753640
https://store.steampowered.com/app/275850/,275850
https://store.steampowered.com/app/842180/,842180
https://store.steampowered.com/app/1254120/,1254120
https://store.steampowered.com/app/1056640/,1056640
https://store.steampowered.com/app/365590/,365590
https://store.steampowered.com/app/1111460/,1111460
https://store.steampowered.com/app/1509960/,1509960
https://store.steampowered.com/app/1012790/,1012790
https://store.steampowered.com/app/1644960/,1644960
https://store.steampowered.com/app/266410/,266410
https://store.steampowered.com/app/848450/,848450
https://store.steampowered.com/app/24010/,24010
https://store.steampowered.com/app/1593500/,1593500
https://store.steampowered.com/app/1259420/,1259420
https://store.steampowered.com/app/779340/,779340
https://store.steampowered.com/app/1227280/,1227280
https://store.steampowered.com/app/219990/,219990
https://store.steampowered.com/app/812140/,812140
https://store.steampowered.com/app/1446780/,1446780
https://store.steampowered.com/app/1286880/,1286880
https://store.steampowered.com/app/1046480/,1046480
https://store.steampowered.com/app/1210320/,1210320
https://store.steampowered.com/app/1384160/,1384160
https://store.steampowered.com/app/321960/,321960
https://store.steampowered.com/app/367520/,367520
https://store.steampowered.com/app/977950/,977950
https://store.steampowered.com/app/588650/,588650
https://store.steampowered.com/app/1407200/,1407200
https://store.steampowered.com/app/393380/,393380
https://store.steampowered.com/app/552500/,552500
https://store.steampowered.com/app/9900/,9900
https://store.steampowered.com/app/1149460/,1149460
https://store.steampowered.com/app/425220/,425220
https://store.steampowered.com/app/297000/,297000
https://store.steampowered.com/app/244850/,244850
https://store.steampowered.com/app/1404210/,1404210
https://store.steampowered.com/app/454650/,454650
https://store.steampowered.com/app/411300/,411300
https://store.steampowered.com/app/313120/,313120
https://store.steampowered.com/app/361420/,361420
https://store.steampowered.com/app/1732190/,1732190
https://store.steampowered.com/app/513710/,513710
https://store.steampowered.com/app/1325200/,1325200
https://store.steampowered.com/app/555160/,555160
https://store.steampowered.com/app/323190/,323190
https://store.steampowered.com/app/1118200/,1118200
https://store.steampowered.com/app/823500/,823500
https://store.steampowered.com/app/49520/,49520
https://store.steampowered.com/app/1547890/,1547890
https://store.steampowered.com/app/1426450/,1426450
https://store.steampowered.com/app/1338770/,1338770
https://store.steampowered.com/app/728880/,728880
https://store.steampowered.com/app/364360/,364360
https://store.steampowered.com/app/1124300/,1124300
https://store.steampowered.com/app/1585020/,1585020
https://store.steampowered.com/app/960170/,960170
https://store.steampowered.com/app/1287840/,1287840
https://store.steampowered.com/app/1696810/,1696810
https://store.steampowered.com/app/331600/,331600
https://store.steampowered.com/app/620/,620
https://store.steampowered.com/app/1217060/,1217060
https://store.steampowered.com/app/761890/,761890
https://store.steampowered.com/app/12210/,12210
https://store.steampowered.com/app/291480/,291480
https://store.steampowered.com/app/359320/,359320
https://store.steampowered.com/app/901583/,901583
https://store.steampowered.com/app/246620/,246620
https://store.steampowered.com/app/262060/,262060
https://store.steampowered.com/app/774171/,774171
https://store.steampowered.com/app/782330/,782330
https://store.steampowered.com/app/469600/,469600
https://store.steampowered.com/app/389730/,389730
https://store.steampowered.com/app/1509510/,1509510
https://store.steampowered.com/app/1252330/,1252330
https://store.steampowered.com/app/201790/,201790
https://store.steampowered.com/app/1312960/,1312960
https://store.steampowered.com/app/1282590/,1282590
https://store.steampowered.com/app/1413970/,1413970
https://store.steampowered.com/app/387990/,387990
https://store.steampowered.com/app/1359090/,1359090
https://store.steampowered.com/app/1366540/,1366540
https://store.steampowered.com/app/1313860/,1313860
https://store.steampowered.com/app/1196590/,1196590
https://store.steampowered.com/app/412020/,412020
https://store.steampowered.com/app/1096530/,1096530
https://store.steampowered.com/app/673750/,673750
https://store.steampowered.com/app/457140/,457140
https://store.steampowered.com/app/495420/,495420
https://store.steampowered.com/app/763890/,763890
https://store.steampowered.com/app/214950/,214950
https://store.steampowered.com/app/47890/,47890
https://store.steampowered.com/app/633230/,633230
https://store.steampowered.com/app/648350/,648350
https://store.steampowered.com/app/644930/,644930
https://store.steampowered.com/app/635260/,635260
https://store.steampowered.com/app/805550/,805550
https://store.steampowered.com/app/784080/,784080
https://store.steampowered.com/app/872410/,872410
https://store.steampowered.com/app/1099410/,1099410
https://store.steampowered.com/app/212500/,212500
https://store.steampowered.com/app/1269710/,1269710
https://store.steampowered.com/app/509980/,509980
https://store.steampowered.com/app/109600/,109600
https://store.steampowered.com/app/881100/,881100
https://store.steampowered.com/app/1511460/,1511460
https://store.steampowered.com/app/1066780/,1066780
https://store.steampowered.com/app/391540/,391540
https://store.steampowered.com/app/268910/,268910
https://store.steampowered.com/app/1102190/,1102190
https://store.steampowered.com/app/1172380/,1172380
https://store.steampowered.com/app/1041320/,1041320
https://store.steampowered.com/app/534380/,534380
https://store.steampowered.com/app/202970/,202970
https://store.steampowered.com/app/436150/,436150
https://store.steampowered.com/app/438100/,438100
https://store.steampowered.com/app/997010/,997010
https://store.steampowered.com/app/1290000/,1290000
https://store.steampowered.com/app/573090/,573090
https://store.steampowered.com/app/285900/,285900
https://store.steampowered.com/app/242920/,242920
https://store.steampowered.com/app/349040/,349040
https://store.steampowered.com/app/719040/,719040
https://store.steampowered.com/app/611670/,611670
https://store.steampowered.com/app/719640/,719640
https://store.steampowered.com/app/360430/,360430
https://store.steampowered.com/app/460930/,460930
https://store.steampowered.com/app/22380/,22380
https://store.steampowered.com/app/599140/,599140
https://store.steampowered.com/app/1520470/,1520470
https://store.steampowered.com/app/376210/,376210
https://store.steampowered.com/app/1668080/,1668080
https://store.steampowered.com/app/431240/,431240
https://store.steampowered.com/app/470220/,470220
https://store.steampowered.com/app/476600/,476600
https://store.steampowered.com/app/646570/,646570
https://store.steampowered.com/app/1307550/,1307550
https://store.steampowered.com/app/231430/,231430
https://store.steampowered.com/app/936790/,936790
https://store.steampowered.com/app/1455630/,1455630
https://store.steampowered.com/app/674940/,674940
https://store.steampowered.com/app/601150/,601150
https://store.steampowered.com/app/493340/,493340
https://store.steampowered.com/app/524220/,524220
https://store.steampowered.com/app/611790/,611790
https://store.steampowered.com/app/335300/,335300
https://store.steampowered.com/app/493520/,493520
https://store.steampowered.com/app/897730/,897730
https://store.steampowered.com/app/690790/,690790
https://store.steampowered.com/app/418370/,418370
https://store.steampowered.com/app/50130/,50130
https://store.steampowered.com/app/627690/,627690
https://store.steampowered.com/app/1227530/,1227530
https://store.steampowered.com/app/310950/,310950
https://store.steampowered.com/app/1127500/,1127500
https://store.steampowered.com/app/232890/,232890
https://store.steampowered.com/app/1335200/,1335200
https://store.steampowered.com/app/571740/,571740
https://store.steampowered.com/app/527230/,527230
https://store.steampowered.com/app/1150690/,1150690
https://store.steampowered.com/app/252530/,252530
https://store.steampowered.com/app/794800/,794800
https://store.steampowered.com/app/1029780/,1029780
https://store.steampowered.com/app/976590/,976590
https://store.steampowered.com/app/505460/,505460
https://store.steampowered.com/app/1277400/,1277400
https://store.steampowered.com/app/8930/,8930
https://store.steampowered.com/app/1237970/,1237970
https://store.steampowered.com/app/976310/,976310
https://store.steampowered.com/app/1238840/,1238840
https://store.steampowered.com/app/488860/,488860
https://store.steampowered.com/app/1369630/,1369630
https://store.steampowered.com/app/1088790/,1088790
https://store.steampowered.com/app/220200/,220200
https://store.steampowered.com/app/600480/,600480
https://store.steampowered.com/app/418240/,418240
https://store.steampowered.com/app/1372280/,1372280
https://store.steampowered.com/app/42700/,42700
https://store.steampowered.com/app/380600/,380600
https://store.steampowered.com/app/433340/,433340
https://store.steampowered.com/app/985830/,985830
https://store.steampowered.com/app/1211630/,1211630
https://store.steampowered.com/app/1295510/,1295510
https://store.steampowered.com/app/1119730/,1119730
https://store.steampowered.com/app/1237950/,1237950
https://store.steampowered.com/app/824270/,824270
https://store.steampowered.com/app/899770/,899770
https://store.steampowered.com/app/1003590/,1003590
https://store.steampowered.com/app/218230/,218230
https://store.steampowered.com/app/1447000/,1447000
https://store.steampowered.com/app/492720/,492720
https://store.steampowered.com/app/464920/,464920
https://store.steampowered.com/app/992300/,992300
https://store.steampowered.com/app/858820/,858820
https://store.steampowered.com/app/200210/,200210
https://store.steampowered.com/app/1549970/,1549970
https://store.steampowered.com/app/1057090/,1057090
https://store.steampowered.com/app/617290/,617290
https://store.steampowered.com/app/1062160/,1062160
https://store.steampowered.com/app/434170/,434170
https://store.steampowered.com/app/1566390/,1566390
https://store.steampowered.com/app/578650/,578650
https://store.steampowered.com/app/24200/,24200
https://store.steampowered.com/app/233860/,233860
https://store.steampowered.com/app/750920/,750920
https://store.steampowered.com/app/885970/,885970
https://store.steampowered.com/app/860510/,860510
https://store.steampowered.com/app/201270/,201270
https://store.steampowered.com/app/1173800/,1173800
https://store.steampowered.com/app/1643320/,1643320
https://store.steampowered.com/app/766570/,766570
https://store.steampowered.com/app/750290/,750290
https://store.steampowered.com/app/233450/,233450
https://store.steampowered.com/app/1284410/,1284410
https://store.steampowered.com/app/1483870/,1483870
https://store.steampowered.com/app/1368910/,1368910
https://store.steampowered.com/app/851850/,851850
https://store.steampowered.com/app/466560/,466560
https://store.steampowered.com/app/1125240/,1125240
https://store.steampowered.com/app/641320/,641320
https://store.steampowered.com/app/799960/,799960
https://store.steampowered.com/app/863550/,863550
https://store.steampowered.com/app/3590/,3590
https://store.steampowered.com/app/1714040/,1714040
https://store.steampowered.com/app/1213210/,1213210
https://store.steampowered.com/app/640820/,640820
https://store.steampowered.com/app/677620/,677620
https://store.steampowered.com/app/582160/,582160
https://store.steampowered.com/app/552520/,552520
https://store.steampowered.com/app/955050/,955050
https://store.steampowered.com/app/1147560/,1147560
https://store.steampowered.com/app/655500/,655500
https://store.steampowered.com/app/266840/,266840
https://store.steampowered.com/app/872200/,872200
https://store.steampowered.com/app/604500/,604500
https://store.steampowered.com/app/1105420/,1105420
https://store.steampowered.com/app/1139980/,1139980
https://store.steampowered.com/app/382310/,382310
https://store.steampowered.com/app/690640/,690640
https://store.steampowered.com/app/219740/,219740
https://store.steampowered.com/app/621060/,621060
https://store.steampowered.com/app/304050/,304050
https://store.steampowered.com/app/678950/,678950
https://store.steampowered.com/app/365360/,365360
https://store.steampowered.com/app/392160/,392160
https://store.steampowered.com/app/1271700/,1271700
https://store.steampowered.com/app/356190/,356190
https://store.steampowered.com/app/1493760/,1493760
https://store.steampowered.com/app/211820/,211820
https://store.steampowered.com/app/1372530/,1372530
https://store.steampowered.com/app/637650/,637650
https://store.steampowered.com/app/240720/,240720
https://store.steampowered.com/app/746850/,746850
https://store.steampowered.com/app/1259980/,1259980
https://store.steampowered.com/app/221380/,221380
https://store.steampowered.com/app/1400970/,1400970
https://store.steampowered.com/app/379430/,379430
https://store.steampowered.com/app/305620/,305620
https://store.steampowered.com/app/502500/,502500
https://store.steampowered.com/app/1361000/,1361000
https://store.steampowered.com/app/17390/,17390
https://store.steampowered.com/app/898920/,898920
https://store.steampowered.com/app/48220/,48220
https://store.steampowered.com/app/386940/,386940
https://store.steampowered.com/app/883710/,883710
https://store.steampowered.com/app/1562420/,1562420
https://store.steampowered.com/app/438040/,438040
https://store.steampowered.com/app/10180/,10180
https://store.steampowered.com/app/1088090/,1088090
https://store.steampowered.com/app/607080/,607080
https://store.steampowered.com/app/1222680/,1222680
https://store.steampowered.com/app/322170/,322170
https://store.steampowered.com/app/268500/,268500
https://store.steampowered.com/app/19980/,19980
https://store.steampowered.com/app/1541790/,1541790
https://store.steampowered.com/app/230290/,230290
https://store.steampowered.com/app/1466640/,1466640
https://store.steampowered.com/app/13500/,13500
https://store.steampowered.com/app/1139900/,1139900
https://store.steampowered.com/app/720620/,720620
https://store.steampowered.com/app/1158980/,1158980
https://store.steampowered.com/app/1222700/,1222700
https://store.steampowered.com/app/1307890/,1307890
https://store.steampowered.com/app/1173790/,1173790
https://store.steampowered.com/app/1113000/,1113000
